<?xml version="1.0" encoding="UTF-8"?>
<!DOCTYPE suite SYSTEM "http://testng.org/testng-1.0.dtd">
<suite name="Suite">
	<test thread-count="2" name="Test">
		<classes>
 			<class name="gurukulaTest.LoginTests"></class>
			<class name="gurukulaTest.Gurukula_Branch">
				<methods>
					<include name="createBranch"></include>
					<include name="createAndSearchBranch"></include>
					<include name="createAndViewBranch"></include>
					<include name="createAndEditBranch"></include>
					<include name="createAndDeleteBranch"></include>
					<include name="negativeTest_branchNameEmpty"></include>
					<include name="negativeTest_branchNameWithLessThanMinCharacters"></include>
					<include name="negativeTest_branchNameWithMoreThanMaxCharacters"></include>
					<include name="negativeTest_branchNameInCorrectFormat"></include>
					<include name="negativeTest_branchCodeEmpty"></include>
					<include name="negativeTest_branchCodeWithLessThanMinCharacters"></include>
					<include name="negativeTest_branchCodeWithMoreThanMaxCharacters"></include>
					<include name="negativeTest_branchCodeInCorrectFormat"></include>
				</methods>
			</class> 
			<class name="gurukulaTest.Gurukula_Staff">
				<methods>
					<include name="createStaff"></include>
					<include name="createAndSearchStaff"></include>
					<include name="createAndViewStaff"></include>
					<include name="createAndEditStaff"></include>
					<include name="createAndDeleteStaff"></include>
					<include name="negativeTest_staffNameEmpty"></include>
					<include name="negativeTest_staffNameWithMoreThanMaxCharacters"></include>
					<include name="negativeTest_staffNameInCorrectFormat"></include>
				</methods>
			</class>
		</classes>
	</test> <!-- Test -->
</suite> <!-- Suite -->
